{
  "confusion_matrix": {
    "true_negative": 265,
    "false_positive": 24,
    "false_negative": 13,
    "true_positive": 143
  },
  "metrics": {
    "accuracy": 0.9168539325842696,
    "precision": 0.8562874251497006,
    "recall": 0.9166666666666666,
    "specificity": 0.916955017301038,
    "f1_score": 0.8854489164086686
  },
  "test_samples": 445,
  "confidence_threshold": 0.5,
  "class_names": [
    "no_fall",
    "fall"
  ]
}